{
    "agent": {
        "metrics_collection_interval": 60,
        "logfile": "/var/logs/amazon-cloudwatch-agent.log"
    },
    "metrics":{
        "metrics_collected":{
           "statsd":{
              "service_address":":8125",
              "metrics_collection_interval":10,
              "metrics_aggregation_interval":60
            }
        }
     },
    "logs": {
        "logs_collected": {
            "files": {
                "collect_list": [
                    {
                        "file_path": "/opt/application.log",
                        "log_group_name": "csye6225",
                        "log_stream_name": "webapp_log"
                    }
                ]
            }
        },
        "log_stream_name": "csye6225"
    }
}